id,actualPlayerCount,actualPlayerCountLastChangedAt,batchID,batchIDLastChangedAt,chat,chatLastChangedAt,ended,endedLastChangedAt,endedReason,endedReasonLastChangedAt,groupID,groupIDLastChangedAt,lobbyTimerID,lobbyTimerIDLastChangedAt,mediatorSequence,mediatorSequenceLastChangedAt,roundIndex,roundIndexLastChangedAt,scenarioOrder,scenarioOrderLastChangedAt,stageID,stageIDLastChangedAt,start,startLastChangedAt,starting,startingLastChangedAt,status,statusLastChangedAt,treatment,treatmentLastChangedAt,treatmentName,treatmentNameLastChangedAt
01KKYCCZGNAVH17MDMFMVP7JW5,,,01KKYCCZFG79ZEA8AHNXR4625S,2026-03-17T17:09:52.789106Z,,,false,2026-03-17T17:09:52.789106Z,batch ended,2026-03-17T17:18:33.36115Z,01KKYCCZHFTQJFMQDTQ0HSYRTX,2026-03-17T17:09:52.816189Z,,,,,,,,,,,false,2026-03-17T17:09:52.789106Z,,,terminated,2026-03-17T17:18:33.36115Z,"{""playerCount"":3}",2026-03-17T17:09:52.789106Z,triple,2026-03-17T17:09:52.789106Z
01KKYCDBB6VF611DZN7BKTXCDS,,,01KKYCDBA59V765MP442EM3597,2026-03-17T17:10:04.902369Z,,,false,2026-03-17T17:10:04.902369Z,batch ended,2026-03-17T17:11:12.280189Z,01KKYCDBDATBWRP0HYNPBNV8HH,2026-03-17T17:10:04.97057Z,,,,,,,,,,,false,2026-03-17T17:10:04.902369Z,,,terminated,2026-03-17T17:11:12.280189Z,"{""playerCount"":3}",2026-03-17T17:10:04.902369Z,triple,2026-03-17T17:10:04.902369Z
01KKYCDBB5DW5JTXQ40CCZAE2W,,,01KKYCDBA59V765MP442EM3597,2026-03-17T17:10:04.901495Z,,,false,2026-03-17T17:10:04.901495Z,batch ended,2026-03-17T17:11:12.280189Z,01KKYCDBD7JMMY8HSFYSWJK3WH,2026-03-17T17:10:04.967677Z,,,,,,,,,,,false,2026-03-17T17:10:04.901495Z,,,terminated,2026-03-17T17:11:12.280189Z,"{""playerCount"":3}",2026-03-17T17:10:04.901495Z,triple,2026-03-17T17:10:04.901495Z
01KKYCDBB7R48WJ7PS6DP43FZ0,,,01KKYCDBA59V765MP442EM3597,2026-03-17T17:10:04.903099Z,,,false,2026-03-17T17:10:04.903099Z,batch ended,2026-03-17T17:11:12.280189Z,01KKYCDBDDC6FG8BEJK0JF96MX,2026-03-17T17:10:04.973624Z,,,,,,,,,,,false,2026-03-17T17:10:04.903099Z,,,terminated,2026-03-17T17:11:12.280189Z,"{""playerCount"":3}",2026-03-17T17:10:04.903099Z,triple,2026-03-17T17:10:04.903099Z
01KKYDVVXBQS7GTFV5F1GQ3QR3,3,2026-03-17T17:35:57.583277Z,01KKYDVVWED34MFW7JWXQAX8WM,2026-03-17T17:35:29.19576Z,,,true,2026-03-17T17:37:23.613122Z,batch ended,2026-03-17T17:37:23.531372Z,01KKYDVVXR6A8AMTA6W2VBVF1Y,2026-03-17T17:35:29.209545Z,01KKYDW365XDF3RRFGPNGBQ52X,2026-03-17T17:35:36.647979Z,"[true,false]",2026-03-17T17:35:57.606689Z,1,2026-03-17T17:35:57.606689Z,"[""A"",""B""]",2026-03-17T17:35:57.606689Z,null,2026-03-17T17:37:23.613122Z,true,2026-03-17T17:35:57.583277Z,true,2026-03-17T17:35:57.583277Z,terminated,2026-03-17T17:37:23.531372Z,"{""playerCount"":3}",2026-03-17T17:35:29.19576Z,triple,2026-03-17T17:35:29.19576Z
01KKYDZC892WJ7M77BX48Y42EZ,3,2026-03-17T17:37:51.637331Z,01KKYDZC7J19KBRFEVWVHTXMC5,2026-03-17T17:37:24.233861Z,,,true,2026-03-17T17:39:37.209295Z,batch ended,2026-03-17T17:39:37.194535Z,01KKYDZC8KBFT0B0D8KZ7KBDSW,2026-03-17T17:37:24.244423Z,01KKYDZW5HVQQJ594TKE9S9YMM,2026-03-17T17:37:40.534269Z,"[true,false]",2026-03-17T17:37:51.657402Z,1,2026-03-17T17:37:51.657402Z,"[""A"",""B""]",2026-03-17T17:37:51.657402Z,null,2026-03-17T17:39:37.209295Z,true,2026-03-17T17:37:51.637331Z,true,2026-03-17T17:37:51.637331Z,terminated,2026-03-17T17:39:37.194535Z,"{""playerCount"":3}",2026-03-17T17:37:24.233861Z,triple,2026-03-17T17:37:24.233861Z
01KKYC3RG4GPEC1S8NF0EKY8GH,,,01KKYC3RESZK2X8CX0B1P9RNFG,2026-03-17T17:04:50.692743Z,,,false,2026-03-17T17:04:50.692743Z,batch ended,2026-03-17T17:09:43.595804Z,01KKYC3RJHA760Q5AMQFNEZABW,2026-03-17T17:04:50.769831Z,,,,,,,,,,,false,2026-03-17T17:04:50.692743Z,,,terminated,2026-03-17T17:09:43.595804Z,"{""playerCount"":3}",2026-03-17T17:04:50.692743Z,triple,2026-03-17T17:04:50.692743Z
01KKYC3RGH3SEQ7Q786N6M6X6E,,,01KKYC3RESZK2X8CX0B1P9RNFG,2026-03-17T17:04:50.70543Z,,,false,2026-03-17T17:04:50.70543Z,batch ended,2026-03-17T17:09:43.595804Z,01KKYC3RJY6RCNSW06R8B1681Z,2026-03-17T17:04:50.782898Z,,,,,,,,,,,false,2026-03-17T17:04:50.70543Z,,,terminated,2026-03-17T17:09:43.595804Z,"{""playerCount"":3}",2026-03-17T17:04:50.70543Z,triple,2026-03-17T17:04:50.70543Z
01KKYCCZGQ6EHKYAQQSQTXC58W,,,01KKYCCZFG79ZEA8AHNXR4625S,2026-03-17T17:09:52.791954Z,,,false,2026-03-17T17:09:52.791954Z,batch ended,2026-03-17T17:18:33.36115Z,01KKYCCZHT5MVQ7N945Y07GHCK,2026-03-17T17:09:52.826621Z,,,,,,,,,,,false,2026-03-17T17:09:52.791954Z,,,terminated,2026-03-17T17:18:33.36115Z,"{""playerCount"":3}",2026-03-17T17:09:52.791954Z,triple,2026-03-17T17:09:52.791954Z
01KKYC3RGJNVXQH2890PHJBGQD,,,01KKYC3RESZK2X8CX0B1P9RNFG,2026-03-17T17:04:50.706309Z,,,false,2026-03-17T17:04:50.706309Z,batch ended,2026-03-17T17:09:43.595804Z,01KKYC3RKC7PQJQ2XW9QVNT9P5,2026-03-17T17:04:50.797216Z,,,,,,,,,,,false,2026-03-17T17:04:50.706309Z,,,terminated,2026-03-17T17:09:43.595804Z,"{""playerCount"":3}",2026-03-17T17:04:50.706309Z,triple,2026-03-17T17:04:50.706309Z
01KKYCFRJBJ4AVVPDT6ZA769QY,,,01KKYCFRHMSRSKBG2VFCDREHRN,2026-03-17T17:11:23.979116Z,,,false,2026-03-17T17:11:23.979116Z,batch ended,2026-03-17T17:12:38.849613Z,01KKYCFRK3H1271DXTC408P681,2026-03-17T17:11:24.004218Z,01KKYCGWS68F61QV1HMB621X7Y,2026-03-17T17:12:01.066755Z,,,,,,,,,false,2026-03-17T17:11:23.979116Z,,,terminated,2026-03-17T17:12:38.849613Z,"{""playerCount"":3}",2026-03-17T17:11:23.979116Z,triple,2026-03-17T17:11:23.979116Z
01KKYCCZGQ6EHKYAQQRZ8Y19ZR,,,01KKYCCZFG79ZEA8AHNXR4625S,2026-03-17T17:09:52.791381Z,,,false,2026-03-17T17:09:52.791381Z,batch ended,2026-03-17T17:18:33.36115Z,01KKYCCZHKK6V8BGQ1ZRYG515V,2026-03-17T17:09:52.820056Z,,,,,,,,,,,false,2026-03-17T17:09:52.791381Z,,,terminated,2026-03-17T17:18:33.36115Z,"{""playerCount"":3}",2026-03-17T17:09:52.791381Z,triple,2026-03-17T17:09:52.791381Z
01KKYCCZGSCC067JDXPZQ40ZH8,,,01KKYCCZFG79ZEA8AHNXR4625S,2026-03-17T17:09:52.793159Z,,,false,2026-03-17T17:09:52.793159Z,batch ended,2026-03-17T17:18:33.36115Z,01KKYCCZJWQ7V5TWPQ851QWSHR,2026-03-17T17:09:52.861179Z,,,,,,,,,,,false,2026-03-17T17:09:52.793159Z,,,terminated,2026-03-17T17:18:33.36115Z,"{""playerCount"":3}",2026-03-17T17:09:52.793159Z,triple,2026-03-17T17:09:52.793159Z
01KKYCCZGSCC067JDXQBZD3PCR,,,01KKYCCZFG79ZEA8AHNXR4625S,2026-03-17T17:09:52.793407Z,,,false,2026-03-17T17:09:52.793407Z,batch ended,2026-03-17T17:18:33.36115Z,01KKYCCZJZGEVDDKXFGXJ5HW8Y,2026-03-17T17:09:52.863888Z,,,,,,,,,,,false,2026-03-17T17:09:52.793407Z,,,terminated,2026-03-17T17:18:33.36115Z,"{""playerCount"":3}",2026-03-17T17:09:52.793407Z,triple,2026-03-17T17:09:52.793407Z
01KKYCDBAWEDF7F7CGPEBRNKMS,,,01KKYCDBA59V765MP442EM3597,2026-03-17T17:10:04.892779Z,,,false,2026-03-17T17:10:04.892779Z,batch ended,2026-03-17T17:11:12.280189Z,01KKYCDBCAMX4DCG8J6MXHSYSE,2026-03-17T17:10:04.939251Z,,,,,,,,,,,false,2026-03-17T17:10:04.892779Z,,,terminated,2026-03-17T17:11:12.280189Z,"{""playerCount"":3}",2026-03-17T17:10:04.892779Z,triple,2026-03-17T17:10:04.892779Z
01KKYCFRJBJ4AVVPDT7AFAMCKB,,,01KKYCFRHMSRSKBG2VFCDREHRN,2026-03-17T17:11:23.979348Z,,,false,2026-03-17T17:11:23.979348Z,batch ended,2026-03-17T17:12:38.849613Z,01KKYCFRK8BNQRQW7Q3X65FVSW,2026-03-17T17:11:24.009024Z,,,,,,,,,,,false,2026-03-17T17:11:23.979348Z,,,terminated,2026-03-17T17:12:38.849613Z,"{""playerCount"":3}",2026-03-17T17:11:23.979348Z,triple,2026-03-17T17:11:23.979348Z
01KKY9MZSKPSJENJW6GM3PMCW6,,,01KKY9MZR224AXKG9FK5KX6JP5,2026-03-17T16:21:49.491497Z,,,false,2026-03-17T16:21:49.491497Z,batch ended,2026-03-17T17:00:24.378371Z,01KKY9MZTFW1BVX0GA5F2XAD7M,2026-03-17T16:21:49.520599Z,,,,,,,,,,,false,2026-03-17T16:21:49.491497Z,,,terminated,2026-03-17T17:00:24.378371Z,"{""playerCount"":3}",2026-03-17T16:21:49.491497Z,triple,2026-03-17T16:21:49.491497Z
01KKYC3RFXKG3F2BENA6JTQXHD,,,01KKYC3RESZK2X8CX0B1P9RNFG,2026-03-17T17:04:50.685635Z,,,false,2026-03-17T17:04:50.685635Z,batch ended,2026-03-17T17:09:43.595804Z,01KKYC3RHX1TYDV8X38MGH90DV,2026-03-17T17:04:50.75006Z,,,,,,,,,,,false,2026-03-17T17:04:50.685635Z,,,terminated,2026-03-17T17:09:43.595804Z,"{""playerCount"":3}",2026-03-17T17:04:50.685635Z,triple,2026-03-17T17:04:50.685635Z
01KKYC3RGH3SEQ7Q78724XE8CC,,,01KKYC3RESZK2X8CX0B1P9RNFG,2026-03-17T17:04:50.705834Z,,,false,2026-03-17T17:04:50.705834Z,batch ended,2026-03-17T17:09:43.595804Z,01KKYC3RK15SHDGGW2VXWQZ9VP,2026-03-17T17:04:50.786179Z,,,,,,,,,,,false,2026-03-17T17:04:50.705834Z,,,terminated,2026-03-17T17:09:43.595804Z,"{""playerCount"":3}",2026-03-17T17:04:50.705834Z,triple,2026-03-17T17:04:50.705834Z
01KKYCDBAVB39VHEGPG2SBN5TS,,,01KKYCDBA59V765MP442EM3597,2026-03-17T17:10:04.891306Z,,,false,2026-03-17T17:10:04.891306Z,batch ended,2026-03-17T17:11:12.280189Z,01KKYCDBBV3FVNFD7XC8180YWC,2026-03-17T17:10:04.924446Z,,,,,,,,,,,false,2026-03-17T17:10:04.891306Z,,,terminated,2026-03-17T17:11:12.280189Z,"{""playerCount"":3}",2026-03-17T17:10:04.891306Z,triple,2026-03-17T17:10:04.891306Z
01KKYCDBB3GNRPF8H91J1NY25B,,,01KKYCDBA59V765MP442EM3597,2026-03-17T17:10:04.899441Z,,,false,2026-03-17T17:10:04.899441Z,batch ended,2026-03-17T17:11:12.280189Z,01KKYCDBD0BJ5G40RXWYB9RXVW,2026-03-17T17:10:04.961449Z,,,,,,,,,,,false,2026-03-17T17:10:04.899441Z,,,terminated,2026-03-17T17:11:12.280189Z,"{""playerCount"":3}",2026-03-17T17:10:04.899441Z,triple,2026-03-17T17:10:04.899441Z
01KKYCDBB7R48WJ7PS7DQT5BS5,,,01KKYCDBA59V765MP442EM3597,2026-03-17T17:10:04.90385Z,,,false,2026-03-17T17:10:04.90385Z,batch ended,2026-03-17T17:11:12.280189Z,01KKYCDBDK6PZPDH5PP9V25NC5,2026-03-17T17:10:04.979876Z,null,2026-03-17T17:15:14.94836Z,,,,,,,,,false,2026-03-17T17:10:04.90385Z,,,terminated,2026-03-17T17:11:12.280189Z,"{""playerCount"":3}",2026-03-17T17:10:04.90385Z,triple,2026-03-17T17:10:04.90385Z
01KKYER6CRXX4KVR5JVSDKGX5E,3,2026-03-17T17:51:12.399841Z,01KKYER6CB4640Z8X5TXVEJX6P,2026-03-17T17:50:57.432796Z,,,false,2026-03-17T17:50:57.432796Z,,,01KKYER6D1BAES6MZF20DA65E6,2026-03-17T17:50:57.443519Z,01KKYERAPKSHK2S38Q0CX6JS5H,2026-03-17T17:51:01.849374Z,"[true,false]",2026-03-17T17:51:12.417362Z,1,2026-03-17T17:51:12.417362Z,"[""A"",""B""]",2026-03-17T17:51:12.417362Z,01KKYERN1A1G6MAH84K3CR668E,2026-03-17T18:01:12.50112Z,true,2026-03-17T17:51:12.399841Z,true,2026-03-17T17:51:12.399841Z,running,2026-03-17T17:51:12.429027Z,"{""playerCount"":3}",2026-03-17T17:50:57.432796Z,triple,2026-03-17T17:50:57.432796Z
01KKY9MZSM7AMR6K1KNKMRVGTR,,,01KKY9MZR224AXKG9FK5KX6JP5,2026-03-17T16:21:49.492682Z,,,false,2026-03-17T16:21:49.492682Z,batch ended,2026-03-17T17:00:24.378371Z,01KKY9MZV6TGDMKK9Y2X436NH9,2026-03-17T16:21:49.543421Z,,,,,,,,,,,false,2026-03-17T16:21:49.492682Z,,,terminated,2026-03-17T17:00:24.378371Z,"{""playerCount"":3}",2026-03-17T16:21:49.492682Z,triple,2026-03-17T16:21:49.492682Z
01KKYC3RFVQFZ7NKFTQWYBS4KG,,,01KKYC3RESZK2X8CX0B1P9RNFG,2026-03-17T17:04:50.683847Z,,,false,2026-03-17T17:04:50.683847Z,batch ended,2026-03-17T17:09:43.595804Z,01KKYC3RH83XCMQGK7169W7HGP,2026-03-17T17:04:50.729556Z,null,2026-03-17T17:14:24.390487Z,,,,,,,,,false,2026-03-17T17:04:50.683847Z,,,terminated,2026-03-17T17:09:43.595804Z,"{""playerCount"":3}",2026-03-17T17:04:50.683847Z,triple,2026-03-17T17:04:50.683847Z
01KKYC3RGGBAJQSEXEQ85PNENE,,,01KKYC3RESZK2X8CX0B1P9RNFG,2026-03-17T17:04:50.704526Z,,,false,2026-03-17T17:04:50.704526Z,batch ended,2026-03-17T17:09:43.595804Z,01KKYC3RJMPZ1TZRV020JQ5KAX,2026-03-17T17:04:50.773401Z,01KKYC73YY78763SRY9MXK5FEB,2026-03-17T17:06:40.739776Z,,,,,,,,,false,2026-03-17T17:04:50.704526Z,,,terminated,2026-03-17T17:09:43.595804Z,"{""playerCount"":3}",2026-03-17T17:04:50.704526Z,triple,2026-03-17T17:04:50.704526Z
01KKYCDBATJSYQ6T8EHJMGJCRQ,,,01KKYCDBA59V765MP442EM3597,2026-03-17T17:10:04.890814Z,,,false,2026-03-17T17:10:04.890814Z,batch ended,2026-03-17T17:11:12.280189Z,01KKYCDBBQ7K2EG9CNSB7D9BRF,2026-03-17T17:10:04.920417Z,null,2026-03-17T17:15:26.769562Z,,,,,,,,,false,2026-03-17T17:10:04.890814Z,,,terminated,2026-03-17T17:11:12.280189Z,"{""playerCount"":3}",2026-03-17T17:10:04.890814Z,triple,2026-03-17T17:10:04.890814Z
01KKYCDBB3GNRPF8H90VR788PP,,,01KKYCDBA59V765MP442EM3597,2026-03-17T17:10:04.899051Z,,,false,2026-03-17T17:10:04.899051Z,batch ended,2026-03-17T17:11:12.280189Z,01KKYCDBCSVHEW1DNW0D4FM0X7,2026-03-17T17:10:04.953868Z,,,,,,,,,,,false,2026-03-17T17:10:04.899051Z,,,terminated,2026-03-17T17:11:12.280189Z,"{""playerCount"":3}",2026-03-17T17:10:04.899051Z,triple,2026-03-17T17:10:04.899051Z
01KKYCCZGQ6EHKYAQQRN0HGHSP,,,01KKYCCZFG79ZEA8AHNXR4625S,2026-03-17T17:09:52.79106Z,,,false,2026-03-17T17:09:52.79106Z,batch ended,2026-03-17T17:18:33.36115Z,01KKYCCZJ4X3YSKGAE0DB0E2C2,2026-03-17T17:09:52.836723Z,,,,,,,,,,,false,2026-03-17T17:09:52.79106Z,,,terminated,2026-03-17T17:18:33.36115Z,"{""playerCount"":3}",2026-03-17T17:09:52.79106Z,triple,2026-03-17T17:09:52.79106Z
01KKYCCZGRCQFKRGQZJ170T2A1,,,01KKYCCZFG79ZEA8AHNXR4625S,2026-03-17T17:09:52.792618Z,,,false,2026-03-17T17:09:52.792618Z,batch ended,2026-03-17T17:18:33.36115Z,01KKYCCZJP3HJST7FM0N72MJFY,2026-03-17T17:09:52.854998Z,,,,,,,,,,,false,2026-03-17T17:09:52.792618Z,,,terminated,2026-03-17T17:18:33.36115Z,"{""playerCount"":3}",2026-03-17T17:09:52.792618Z,triple,2026-03-17T17:09:52.792618Z
01KKYCCZGSCC067JDXR3PXVFQA,,,01KKYCCZFG79ZEA8AHNXR4625S,2026-03-17T17:09:52.793818Z,,,false,2026-03-17T17:09:52.793818Z,batch ended,2026-03-17T17:18:33.36115Z,01KKYCCZK5N9MR0W0EWHAH52HT,2026-03-17T17:09:52.869874Z,,,,,,,,,,,false,2026-03-17T17:09:52.793818Z,,,terminated,2026-03-17T17:18:33.36115Z,"{""playerCount"":3}",2026-03-17T17:09:52.793818Z,triple,2026-03-17T17:09:52.793818Z
01KKYC3RFW8QJ9S91JE67636P3,,,01KKYC3RESZK2X8CX0B1P9RNFG,2026-03-17T17:04:50.684337Z,,,false,2026-03-17T17:04:50.684337Z,batch ended,2026-03-17T17:09:43.595804Z,01KKYC3RHPX0AW4DMCMYAWCEXD,2026-03-17T17:04:50.742888Z,,,,,,,,,,,false,2026-03-17T17:04:50.684337Z,,,terminated,2026-03-17T17:09:43.595804Z,"{""playerCount"":3}",2026-03-17T17:04:50.684337Z,triple,2026-03-17T17:04:50.684337Z
01KKYCDBB0MSG27D8GAB1JD5A6,,,01KKYCDBA59V765MP442EM3597,2026-03-17T17:10:04.896984Z,,,false,2026-03-17T17:10:04.896984Z,batch ended,2026-03-17T17:11:12.280189Z,01KKYCDBCNDXZZ4030SYWMKDK7,2026-03-17T17:10:04.950422Z,,,,,,,,,,,false,2026-03-17T17:10:04.896984Z,,,terminated,2026-03-17T17:11:12.280189Z,"{""playerCount"":3}",2026-03-17T17:10:04.896984Z,triple,2026-03-17T17:10:04.896984Z
01KKYCDBB3GNRPF8H91QPFRNWY,,,01KKYCDBA59V765MP442EM3597,2026-03-17T17:10:04.899604Z,,,false,2026-03-17T17:10:04.899604Z,batch ended,2026-03-17T17:11:12.280189Z,01KKYCDBD4AFAZ2RQ9KP1ZQZ85,2026-03-17T17:10:04.96451Z,,,,,,,,,,,false,2026-03-17T17:10:04.899604Z,,,terminated,2026-03-17T17:11:12.280189Z,"{""playerCount"":3}",2026-03-17T17:10:04.899604Z,triple,2026-03-17T17:10:04.899604Z
01KKYCCZGPR2NRQ8QYGKVY5HQN,,,01KKYCCZFG79ZEA8AHNXR4625S,2026-03-17T17:09:52.790711Z,,,false,2026-03-17T17:09:52.790711Z,batch ended,2026-03-17T17:18:33.36115Z,01KKYCCZHX882KNMZXVSA9EG36,2026-03-17T17:09:52.829883Z,,,,,,,,,,,false,2026-03-17T17:09:52.790711Z,,,terminated,2026-03-17T17:18:33.36115Z,"{""playerCount"":3}",2026-03-17T17:09:52.790711Z,triple,2026-03-17T17:09:52.790711Z
01KKYCFRJAD5C3T8G0MJA9GNJQ,,,01KKYCFRHMSRSKBG2VFCDREHRN,2026-03-17T17:11:23.978512Z,,,false,2026-03-17T17:11:23.978512Z,batch ended,2026-03-17T17:12:38.849613Z,01KKYCFRJXXWJMRYSSQF7266Y8,2026-03-17T17:11:23.998521Z,01KKYCGVM5ETY2YD0H6RF1XNW3,2026-03-17T17:11:59.881664Z,,,,,,,,,false,2026-03-17T17:11:23.978512Z,,,terminated,2026-03-17T17:12:38.849613Z,"{""playerCount"":3}",2026-03-17T17:11:23.978512Z,triple,2026-03-17T17:11:23.978512Z
01KKYCJ6SWYA0147PF7D6CVQVA,3,2026-03-17T17:13:13.468592Z,01KKYCJ6S7RBKN554GX1A2GGDK,2026-03-17T17:12:44.092148Z,"[{""text"":""hello"",""sender"":{""id"":""01KKYBMEKEXZ4MBKXS0R13V3EB"",""name"":""01KKYBMEKEXZ4MBKXS0R13V3EB""}}]",2026-03-17T17:15:04.254937Z,true,2026-03-17T17:18:16.578883Z,batch ended,2026-03-17T17:18:16.506874Z,01KKYCJ6T6PBF4Q3925SG0KZ4K,2026-03-17T17:12:44.103854Z,01KKYCJVSZNK5V72KTCFVGQYMX,2026-03-17T17:13:05.604114Z,"[true,false]",2026-03-17T17:13:13.492479Z,1,2026-03-17T17:13:13.492479Z,"[""A"",""B""]",2026-03-17T17:13:13.492479Z,null,2026-03-17T17:18:16.578883Z,true,2026-03-17T17:13:13.468592Z,true,2026-03-17T17:13:13.468592Z,terminated,2026-03-17T17:18:16.506874Z,"{""playerCount"":3}",2026-03-17T17:12:44.092148Z,triple,2026-03-17T17:12:44.092148Z
01KKYCCZGPR2NRQ8QYGE2N5R1D,,,01KKYCCZFG79ZEA8AHNXR4625S,2026-03-17T17:09:52.79038Z,,,false,2026-03-17T17:09:52.79038Z,batch ended,2026-03-17T17:18:33.36115Z,01KKYCCZJ0B8304Q4HR97NBPV7,2026-03-17T17:09:52.833303Z,,,,,,,,,,,false,2026-03-17T17:09:52.79038Z,,,terminated,2026-03-17T17:18:33.36115Z,"{""playerCount"":3}",2026-03-17T17:09:52.79038Z,triple,2026-03-17T17:09:52.79038Z
01KKYCDBB7R48WJ7PS6Z2WS25B,,,01KKYCDBA59V765MP442EM3597,2026-03-17T17:10:04.903706Z,,,false,2026-03-17T17:10:04.903706Z,batch ended,2026-03-17T17:11:12.280189Z,01KKYCDBDPV12BR9E6S3FEH5BC,2026-03-17T17:10:04.982603Z,,,,,,,,,,,false,2026-03-17T17:10:04.903706Z,,,terminated,2026-03-17T17:11:12.280189Z,"{""playerCount"":3}",2026-03-17T17:10:04.903706Z,triple,2026-03-17T17:10:04.903706Z
01KKYCFRJAD5C3T8G0M9RCD0D2,,,01KKYCFRHMSRSKBG2VFCDREHRN,2026-03-17T17:11:23.978059Z,,,false,2026-03-17T17:11:23.978059Z,batch ended,2026-03-17T17:12:38.849613Z,01KKYCFRJR0EKVFG6PNN8DQTHZ,2026-03-17T17:11:23.993013Z,,,,,,,,,,,false,2026-03-17T17:11:23.978059Z,,,terminated,2026-03-17T17:12:38.849613Z,"{""playerCount"":3}",2026-03-17T17:11:23.978059Z,triple,2026-03-17T17:11:23.978059Z
01KKYBVPV8ABFXT0EB8CP38GZN,,,01KKYBVPTR9KNKC943751014AQ,2026-03-17T17:00:26.856072Z,,,false,2026-03-17T17:00:26.856072Z,batch ended,2026-03-17T17:04:56.801263Z,01KKYBVPVNA0AA0KEQZDZSNP8F,2026-03-17T17:00:26.871008Z,,,,,,,,,,,false,2026-03-17T17:00:26.856072Z,,,terminated,2026-03-17T17:04:56.801263Z,"{""playerCount"":3}",2026-03-17T17:00:26.856072Z,triple,2026-03-17T17:00:26.856072Z
01KKYC3RG4GPEC1S8NE0CCJF6B,,,01KKYC3RESZK2X8CX0B1P9RNFG,2026-03-17T17:04:50.692264Z,,,false,2026-03-17T17:04:50.692264Z,batch ended,2026-03-17T17:09:43.595804Z,01KKYC3RJ7M2SBJSQTB43G9VET,2026-03-17T17:04:50.76003Z,01KKYC6TR7XPXPM3ZBBQ0GHNEM,2026-03-17T17:06:31.314494Z,,,,,,,,,false,2026-03-17T17:04:50.692264Z,,,terminated,2026-03-17T17:09:43.595804Z,"{""playerCount"":3}",2026-03-17T17:04:50.692264Z,triple,2026-03-17T17:04:50.692264Z
01KKYC3RGJNVXQH28915XKBHTK,,,01KKYC3RESZK2X8CX0B1P9RNFG,2026-03-17T17:04:50.706673Z,,,false,2026-03-17T17:04:50.706673Z,batch ended,2026-03-17T17:09:43.595804Z,01KKYC3RK5EAT28QBHGW7ZX3VY,2026-03-17T17:04:50.79072Z,,,,,,,,,,,false,2026-03-17T17:04:50.706673Z,,,terminated,2026-03-17T17:09:43.595804Z,"{""playerCount"":3}",2026-03-17T17:04:50.706673Z,triple,2026-03-17T17:04:50.706673Z
01KKYCCZGRCQFKRGQZHPPJDNYA,,,01KKYCCZFG79ZEA8AHNXR4625S,2026-03-17T17:09:52.792369Z,,,false,2026-03-17T17:09:52.792369Z,batch ended,2026-03-17T17:18:33.36115Z,01KKYCCZJK9H4Y420WD2N6ZEFC,2026-03-17T17:09:52.852287Z,,,,,,,,,,,false,2026-03-17T17:09:52.792369Z,,,terminated,2026-03-17T17:18:33.36115Z,"{""playerCount"":3}",2026-03-17T17:09:52.792369Z,triple,2026-03-17T17:09:52.792369Z
01KKYCDBAVB39VHEGPGVR5GAQ9,,,01KKYCDBA59V765MP442EM3597,2026-03-17T17:10:04.891899Z,,,false,2026-03-17T17:10:04.891899Z,batch ended,2026-03-17T17:11:12.280189Z,01KKYCDBC05BJ39XY4Z7M0CC5C,2026-03-17T17:10:04.928724Z,null,2026-03-17T17:15:19.216489Z,,,,,,,,,false,2026-03-17T17:10:04.891899Z,,,terminated,2026-03-17T17:11:12.280189Z,"{""playerCount"":3}",2026-03-17T17:10:04.891899Z,triple,2026-03-17T17:10:04.891899Z
01KKYCDBB0MSG27D8G9V9MCN1N,,,01KKYCDBA59V765MP442EM3597,2026-03-17T17:10:04.896515Z,,,false,2026-03-17T17:10:04.896515Z,batch ended,2026-03-17T17:11:12.280189Z,01KKYCDBCERVV29KGZVN7QDSPG,2026-03-17T17:10:04.943065Z,,,,,,,,,,,false,2026-03-17T17:10:04.896515Z,,,terminated,2026-03-17T17:11:12.280189Z,"{""playerCount"":3}",2026-03-17T17:10:04.896515Z,triple,2026-03-17T17:10:04.896515Z
01KKYE3YH22P58CF5XWY53PYS6,3,2026-03-17T17:40:16.476287Z,01KKYE3YGJAE8ETR2FGGFGTDR8,2026-03-17T17:39:54.018087Z,,,true,2026-03-17T17:50:44.132183Z,batch ended,2026-03-17T17:50:44.027102Z,01KKYE3YHDJYCSAFFTRAKYCT68,2026-03-17T17:39:54.030535Z,01KKYE4AXG1JQ92KJE0G4K4Z0N,2026-03-17T17:40:06.708195Z,"[false,true]",2026-03-17T17:40:16.496402Z,1,2026-03-17T17:40:16.496402Z,"[""A"",""B""]",2026-03-17T17:40:16.496402Z,null,2026-03-17T17:50:44.132183Z,true,2026-03-17T17:40:16.476287Z,true,2026-03-17T17:40:16.476287Z,terminated,2026-03-17T17:50:44.027102Z,"{""playerCount"":3}",2026-03-17T17:39:54.018087Z,triple,2026-03-17T17:39:54.018087Z
01KKYC3RFW8QJ9S91JEK6J530S,,,01KKYC3RESZK2X8CX0B1P9RNFG,2026-03-17T17:04:50.684862Z,,,false,2026-03-17T17:04:50.684862Z,batch ended,2026-03-17T17:09:43.595804Z,01KKYC3RHT4AH7HSWA0QRMY6X6,2026-03-17T17:04:50.746633Z,,,,,,,,,,,false,2026-03-17T17:04:50.684862Z,,,terminated,2026-03-17T17:09:43.595804Z,"{""playerCount"":3}",2026-03-17T17:04:50.684862Z,triple,2026-03-17T17:04:50.684862Z
01KKYC3RG4GPEC1S8NEGVCE633,,,01KKYC3RESZK2X8CX0B1P9RNFG,2026-03-17T17:04:50.692399Z,,,false,2026-03-17T17:04:50.692399Z,batch ended,2026-03-17T17:09:43.595804Z,01KKYC3RJD2TXV5PSQT2YKCVB1,2026-03-17T17:04:50.766374Z,,,,,,,,,,,false,2026-03-17T17:04:50.692399Z,,,terminated,2026-03-17T17:09:43.595804Z,"{""playerCount"":3}",2026-03-17T17:04:50.692399Z,triple,2026-03-17T17:04:50.692399Z
01KKYCCZGRCQFKRGQZHBBQKX9X,,,01KKYCCZFG79ZEA8AHNXR4625S,2026-03-17T17:09:52.79223Z,,,false,2026-03-17T17:09:52.79223Z,batch ended,2026-03-17T17:18:33.36115Z,01KKYCCZJDCTXZFA57KBDZAVKQ,2026-03-17T17:09:52.846646Z,,,,,,,,,,,false,2026-03-17T17:09:52.79223Z,,,terminated,2026-03-17T17:18:33.36115Z,"{""playerCount"":3}",2026-03-17T17:09:52.79223Z,triple,2026-03-17T17:09:52.79223Z
01KKYBVPV980DKJQ3YYSEHPKYY,,,01KKYBVPTR9KNKC943751014AQ,2026-03-17T17:00:26.857155Z,,,false,2026-03-17T17:00:26.857155Z,batch ended,2026-03-17T17:04:56.801263Z,01KKYBVPVW2AFCAK365CRT0RC8,2026-03-17T17:00:26.877022Z,01KKYBXDKAAK37WT8MZKBD1KYZ,2026-03-17T17:01:22.928307Z,,,,,,,,,false,2026-03-17T17:00:26.857155Z,,,terminated,2026-03-17T17:04:56.801263Z,"{""playerCount"":3}",2026-03-17T17:00:26.857155Z,triple,2026-03-17T17:00:26.857155Z
01KKYC3RFY6R6XHSJD2DP4GTSD,,,01KKYC3RESZK2X8CX0B1P9RNFG,2026-03-17T17:04:50.686814Z,,,false,2026-03-17T17:04:50.686814Z,batch ended,2026-03-17T17:09:43.595804Z,01KKYC3RJ01RW9VBF6Y1D3RY97,2026-03-17T17:04:50.753501Z,,,,,,,,,,,false,2026-03-17T17:04:50.686814Z,,,terminated,2026-03-17T17:09:43.595804Z,"{""playerCount"":3}",2026-03-17T17:04:50.686814Z,triple,2026-03-17T17:04:50.686814Z
01KKYCDBATJSYQ6T8EH34QHHDY,,,01KKYCDBA59V765MP442EM3597,2026-03-17T17:10:04.890434Z,,,false,2026-03-17T17:10:04.890434Z,batch ended,2026-03-17T17:11:12.280189Z,01KKYCDBBG642JJ1652EZN8XVM,2026-03-17T17:10:04.913079Z,,,,,,,,,,,false,2026-03-17T17:10:04.890434Z,,,terminated,2026-03-17T17:11:12.280189Z,"{""playerCount"":3}",2026-03-17T17:10:04.890434Z,triple,2026-03-17T17:10:04.890434Z
01KKYCDBB6VF611DZN7PX88SD8,,,01KKYCDBA59V765MP442EM3597,2026-03-17T17:10:04.902763Z,,,false,2026-03-17T17:10:04.902763Z,batch ended,2026-03-17T17:11:12.280189Z,01KKYCDBDG48TTJ87JA2RH05WW,2026-03-17T17:10:04.976903Z,,,,,,,,,,,false,2026-03-17T17:10:04.902763Z,,,terminated,2026-03-17T17:11:12.280189Z,"{""playerCount"":3}",2026-03-17T17:10:04.902763Z,triple,2026-03-17T17:10:04.902763Z
01KKYCWKV5C1SVGT78Q00E7CTB,3,2026-03-17T17:19:05.111653Z,01KKYCWKTHD9JGPE5F478XGGX4,2026-03-17T17:18:25.125886Z,,,true,2026-03-17T17:32:29.421871Z,batch ended,2026-03-17T17:32:29.372908Z,01KKYCWKVG63FX6VHHY1QGGXDG,2026-03-17T17:18:25.137394Z,01KKYCXA5C0HQBPS0HAEQR0ZWK,2026-03-17T17:18:47.983681Z,"[true,false]",2026-03-17T17:19:05.13215Z,1,2026-03-17T17:19:05.13215Z,"[""A"",""B""]",2026-03-17T17:19:05.13215Z,null,2026-03-17T17:32:29.421871Z,true,2026-03-17T17:19:05.111653Z,true,2026-03-17T17:19:05.111653Z,terminated,2026-03-17T17:32:29.372908Z,"{""playerCount"":3}",2026-03-17T17:18:25.125886Z,triple,2026-03-17T17:18:25.125886Z
01KKYCCZGQ6EHKYAQQSB4NN425,,,01KKYCCZFG79ZEA8AHNXR4625S,2026-03-17T17:09:52.791816Z,,,false,2026-03-17T17:09:52.791816Z,batch ended,2026-03-17T17:18:33.36115Z,01KKYCCZHPXJG0AFAK06WWV56M,2026-03-17T17:09:52.823463Z,,,,,,,,,,,false,2026-03-17T17:09:52.791816Z,,,terminated,2026-03-17T17:18:33.36115Z,"{""playerCount"":3}",2026-03-17T17:09:52.791816Z,triple,2026-03-17T17:09:52.791816Z
01KKYCCZGRCQFKRGQZGTR69T16,,,01KKYCCZFG79ZEA8AHNXR4625S,2026-03-17T17:09:52.792071Z,,,false,2026-03-17T17:09:52.792071Z,batch ended,2026-03-17T17:18:33.36115Z,01KKYCCZJATG6M8JXQSWMB8453,2026-03-17T17:09:52.843194Z,,,,,,,,,,,false,2026-03-17T17:09:52.792071Z,,,terminated,2026-03-17T17:18:33.36115Z,"{""playerCount"":3}",2026-03-17T17:09:52.792071Z,triple,2026-03-17T17:09:52.792071Z
01KKYCDBB0MSG27D8GA3ZXTFYV,,,01KKYCDBA59V765MP442EM3597,2026-03-17T17:10:04.896834Z,,,false,2026-03-17T17:10:04.896834Z,batch ended,2026-03-17T17:11:12.280189Z,01KKYCDBCJJ4XYT1S1CTQ9B7F2,2026-03-17T17:10:04.946965Z,,,,,,,,,,,false,2026-03-17T17:10:04.896834Z,,,terminated,2026-03-17T17:11:12.280189Z,"{""playerCount"":3}",2026-03-17T17:10:04.896834Z,triple,2026-03-17T17:10:04.896834Z
01KKYC3RGGBAJQSEXEQGCJVFWF,,,01KKYC3RESZK2X8CX0B1P9RNFG,2026-03-17T17:04:50.704805Z,,,false,2026-03-17T17:04:50.704805Z,batch ended,2026-03-17T17:09:43.595804Z,01KKYC3RJTW71KQ9EMMKX1N68R,2026-03-17T17:04:50.779221Z,,,,,,,,,,,false,2026-03-17T17:04:50.704805Z,,,terminated,2026-03-17T17:09:43.595804Z,"{""playerCount"":3}",2026-03-17T17:04:50.704805Z,triple,2026-03-17T17:04:50.704805Z
01KKYC3RGJNVXQH2890ANFQZZC,,,01KKYC3RESZK2X8CX0B1P9RNFG,2026-03-17T17:04:50.706156Z,,,false,2026-03-17T17:04:50.706156Z,batch ended,2026-03-17T17:09:43.595804Z,01KKYC3RKFME9HDSXFZH09TZ11,2026-03-17T17:04:50.800354Z,,,,,,,,,,,false,2026-03-17T17:04:50.706156Z,,,terminated,2026-03-17T17:09:43.595804Z,"{""playerCount"":3}",2026-03-17T17:04:50.706156Z,triple,2026-03-17T17:04:50.706156Z
01KKYCCZGRCQFKRGQZJB85CW9G,,,01KKYCCZFG79ZEA8AHNXR4625S,2026-03-17T17:09:52.792925Z,,,false,2026-03-17T17:09:52.792925Z,batch ended,2026-03-17T17:18:33.36115Z,01KKYCCZJS0H3SRTACW4BJWJ4R,2026-03-17T17:09:52.858459Z,,,,,,,,,,,false,2026-03-17T17:09:52.792925Z,,,terminated,2026-03-17T17:18:33.36115Z,"{""playerCount"":3}",2026-03-17T17:09:52.792925Z,triple,2026-03-17T17:09:52.792925Z
01KKYCCZGSCC067JDXQPRN1007,,,01KKYCCZFG79ZEA8AHNXR4625S,2026-03-17T17:09:52.793733Z,,,false,2026-03-17T17:09:52.793733Z,batch ended,2026-03-17T17:18:33.36115Z,01KKYCCZK8GTND15WW04K5MYZS,2026-03-17T17:09:52.872864Z,,,,,,,,,,,false,2026-03-17T17:09:52.793733Z,,,terminated,2026-03-17T17:18:33.36115Z,"{""playerCount"":3}",2026-03-17T17:09:52.793733Z,triple,2026-03-17T17:09:52.793733Z
01KKYCDBAVB39VHEGPGDZQK89F,,,01KKYCDBA59V765MP442EM3597,2026-03-17T17:10:04.891639Z,,,false,2026-03-17T17:10:04.891639Z,batch ended,2026-03-17T17:11:12.280189Z,01KKYCDBC7HYC43T6V2JB04WFY,2026-03-17T17:10:04.935967Z,,,,,,,,,,,false,2026-03-17T17:10:04.891639Z,,,terminated,2026-03-17T17:11:12.280189Z,"{""playerCount"":3}",2026-03-17T17:10:04.891639Z,triple,2026-03-17T17:10:04.891639Z
01KKYBVPV980DKJQ3YZA1N1S0W,,,01KKYBVPTR9KNKC943751014AQ,2026-03-17T17:00:26.8573Z,,,false,2026-03-17T17:00:26.8573Z,batch ended,2026-03-17T17:04:56.801263Z,01KKYBVPW1Z905G92FMZ46CYFB,2026-03-17T17:00:26.882028Z,01KKYBWMPPAVJ63DWWMDRWRTK7,2026-03-17T17:00:57.435753Z,,,,,,,,,false,2026-03-17T17:00:26.8573Z,,,terminated,2026-03-17T17:04:56.801263Z,"{""playerCount"":3}",2026-03-17T17:00:26.8573Z,triple,2026-03-17T17:00:26.8573Z
01KKYC3RFVQFZ7NKFTQJR1730R,,,01KKYC3RESZK2X8CX0B1P9RNFG,2026-03-17T17:04:50.683677Z,,,false,2026-03-17T17:04:50.683677Z,batch ended,2026-03-17T17:09:43.595804Z,01KKYC3RHEW3V42E336X3W3RRS,2026-03-17T17:04:50.734652Z,,,,,,,,,,,false,2026-03-17T17:04:50.683677Z,,,terminated,2026-03-17T17:09:43.595804Z,"{""playerCount"":3}",2026-03-17T17:04:50.683677Z,triple,2026-03-17T17:04:50.683677Z
01KKYC3RG20TJ3H9CE13HMN53N,,,01KKYC3RESZK2X8CX0B1P9RNFG,2026-03-17T17:04:50.690339Z,,,false,2026-03-17T17:04:50.690339Z,batch ended,2026-03-17T17:09:43.595804Z,01KKYC3RJAJAEYGJP7BBZA9Z6P,2026-03-17T17:04:50.76343Z,,,,,,,,,,,false,2026-03-17T17:04:50.690339Z,,,terminated,2026-03-17T17:09:43.595804Z,"{""playerCount"":3}",2026-03-17T17:04:50.690339Z,triple,2026-03-17T17:04:50.690339Z
01KKYCDBAWEDF7F7CGP4JE6M9Y,,,01KKYCDBA59V765MP442EM3597,2026-03-17T17:10:04.892294Z,,,false,2026-03-17T17:10:04.892294Z,batch ended,2026-03-17T17:11:12.280189Z,01KKYCDBC38XYMSAZVAVP4J0Q8,2026-03-17T17:10:04.932516Z,,,,,,,,,,,false,2026-03-17T17:10:04.892294Z,,,terminated,2026-03-17T17:11:12.280189Z,"{""playerCount"":3}",2026-03-17T17:10:04.892294Z,triple,2026-03-17T17:10:04.892294Z
01KKYCFRJBJ4AVVPDT7MMJ8S2F,,,01KKYCFRHMSRSKBG2VFCDREHRN,2026-03-17T17:11:23.979604Z,,,false,2026-03-17T17:11:23.979604Z,batch ended,2026-03-17T17:12:38.849613Z,01KKYCFRKC1MFKRGH6FM5S1D3K,2026-03-17T17:11:24.01269Z,null,2026-03-17T17:16:53.783546Z,,,,,,,,,false,2026-03-17T17:11:23.979604Z,,,terminated,2026-03-17T17:12:38.849613Z,"{""playerCount"":3}",2026-03-17T17:11:23.979604Z,triple,2026-03-17T17:11:23.979604Z
01KKYCCZGMR6MD8KYTS202ZJTC,,,01KKYCCZFG79ZEA8AHNXR4625S,2026-03-17T17:09:52.788941Z,,,false,2026-03-17T17:09:52.788941Z,batch ended,2026-03-17T17:18:33.36115Z,01KKYCCZHBPGVZSFC1TG0E35K4,2026-03-17T17:09:52.812128Z,,,,,,,,,,,false,2026-03-17T17:09:52.788941Z,,,terminated,2026-03-17T17:18:33.36115Z,"{""playerCount"":3}",2026-03-17T17:09:52.788941Z,triple,2026-03-17T17:09:52.788941Z
01KKYCCZGNAVH17MDMG2F04AJM,,,01KKYCCZFG79ZEA8AHNXR4625S,2026-03-17T17:09:52.789275Z,,,false,2026-03-17T17:09:52.789275Z,batch ended,2026-03-17T17:18:33.36115Z,01KKYCCZJ73MV3ARD0HP1DX63F,2026-03-17T17:09:52.840326Z,,,,,,,,,,,false,2026-03-17T17:09:52.789275Z,,,terminated,2026-03-17T17:18:33.36115Z,"{""playerCount"":3}",2026-03-17T17:09:52.789275Z,triple,2026-03-17T17:09:52.789275Z
01KKYCDBB3GNRPF8H917GSHWAH,,,01KKYCDBA59V765MP442EM3597,2026-03-17T17:10:04.899278Z,,,false,2026-03-17T17:10:04.899278Z,batch ended,2026-03-17T17:11:12.280189Z,01KKYCDBCWBJH22XEXT08DAMA4,2026-03-17T17:10:04.956886Z,,,,,,,,,,,false,2026-03-17T17:10:04.899278Z,,,terminated,2026-03-17T17:11:12.280189Z,"{""playerCount"":3}",2026-03-17T17:10:04.899278Z,triple,2026-03-17T17:10:04.899278Z
01KKYDPJZPGMWCCSWYQ5GPZE02,3,2026-03-17T17:32:57.554226Z,01KKYDPJZ4TJPM3Y622PH5P145,2026-03-17T17:32:36.214132Z,,,true,2026-03-17T17:35:20.010074Z,batch ended,2026-03-17T17:35:19.990681Z,01KKYDPK00TS7MBCQ5FGEEZKDK,2026-03-17T17:32:36.225798Z,01KKYDPS6A1RZSF4359QZEN5KT,2026-03-17T17:32:42.575526Z,"[true,false]",2026-03-17T17:32:57.576957Z,1,2026-03-17T17:32:57.576957Z,"[""A"",""B""]",2026-03-17T17:32:57.576957Z,null,2026-03-17T17:35:20.010074Z,true,2026-03-17T17:32:57.554226Z,true,2026-03-17T17:32:57.554226Z,terminated,2026-03-17T17:35:19.990681Z,"{""playerCount"":3}",2026-03-17T17:32:36.214132Z,triple,2026-03-17T17:32:36.214132Z
01KKY9MZSKPSJENJW6G8E9WMHY,,,01KKY9MZR224AXKG9FK5KX6JP5,2026-03-17T16:21:49.491147Z,,,false,2026-03-17T16:21:49.491147Z,batch ended,2026-03-17T17:00:24.378371Z,01KKY9MZT4YFF7YVRD00WPVBDS,2026-03-17T16:21:49.514588Z,01KKYBMHZPMY2ZCQK96JD4SHCX,2026-03-17T16:56:32.51289Z,,,,,,,,,false,2026-03-17T16:21:49.491147Z,,,terminated,2026-03-17T17:00:24.378371Z,"{""playerCount"":3}",2026-03-17T16:21:49.491147Z,triple,2026-03-17T16:21:49.491147Z
01KKY9MZSKPSJENJW6H18YSDB1,,,01KKY9MZR224AXKG9FK5KX6JP5,2026-03-17T16:21:49.491705Z,,,false,2026-03-17T16:21:49.491705Z,batch ended,2026-03-17T17:00:24.378371Z,01KKY9MZVAAA3ABF0T3S1GH92J,2026-03-17T16:21:49.547317Z,01KKYBPC14Y2C1RGRFZEK2GVDB,2026-03-17T16:57:31.950835Z,,,,,,,,,false,2026-03-17T16:21:49.491705Z,,,terminated,2026-03-17T17:00:24.378371Z,"{""playerCount"":3}",2026-03-17T16:21:49.491705Z,triple,2026-03-17T16:21:49.491705Z
01KKYC3RGKKWZM95B4MTVR43FX,,,01KKYC3RESZK2X8CX0B1P9RNFG,2026-03-17T17:04:50.707119Z,,,false,2026-03-17T17:04:50.707119Z,batch ended,2026-03-17T17:09:43.595804Z,01KKYC3RKK1QYNSJ8228SDQFH6,2026-03-17T17:04:50.803772Z,,,,,,,,,,,false,2026-03-17T17:04:50.707119Z,,,terminated,2026-03-17T17:09:43.595804Z,"{""playerCount"":3}",2026-03-17T17:04:50.707119Z,triple,2026-03-17T17:04:50.707119Z
01KKYCCZGMR6MD8KYTRPCN2C1K,,,01KKYCCZFG79ZEA8AHNXR4625S,2026-03-17T17:09:52.788664Z,,,false,2026-03-17T17:09:52.788664Z,batch ended,2026-03-17T17:18:33.36115Z,01KKYCCZH6WZCDXQ5M1RKD5TWF,2026-03-17T17:09:52.807777Z,,,,,,,,,,,false,2026-03-17T17:09:52.788664Z,,,terminated,2026-03-17T17:18:33.36115Z,"{""playerCount"":3}",2026-03-17T17:09:52.788664Z,triple,2026-03-17T17:09:52.788664Z
01KKYCCZGSCC067JDXREENK8MQ,,,01KKYCCZFG79ZEA8AHNXR4625S,2026-03-17T17:09:52.793912Z,,,false,2026-03-17T17:09:52.793912Z,batch ended,2026-03-17T17:18:33.36115Z,01KKYCCZK2JFK1SDT6F5W6YEX5,2026-03-17T17:09:52.867242Z,,,,,,,,,,,false,2026-03-17T17:09:52.793912Z,,,terminated,2026-03-17T17:18:33.36115Z,"{""playerCount"":3}",2026-03-17T17:09:52.793912Z,triple,2026-03-17T17:09:52.793912Z
01KKYBVPV980DKJQ3YZKWFNE8F,,,01KKYBVPTR9KNKC943751014AQ,2026-03-17T17:00:26.857645Z,,,false,2026-03-17T17:00:26.857645Z,batch ended,2026-03-17T17:04:56.801263Z,01KKYBVPW6MWM1VMWHF4BHWQCH,2026-03-17T17:00:26.887233Z,01KKYBXTRGAH5VY4VTSSEGTJFF,2026-03-17T17:01:36.411048Z,,,,,,,,,false,2026-03-17T17:00:26.857645Z,,,terminated,2026-03-17T17:04:56.801263Z,"{""playerCount"":3}",2026-03-17T17:00:26.857645Z,triple,2026-03-17T17:00:26.857645Z
01KKYC3RFW8QJ9S91JDK888DQR,,,01KKYC3RESZK2X8CX0B1P9RNFG,2026-03-17T17:04:50.684176Z,,,false,2026-03-17T17:04:50.684176Z,batch ended,2026-03-17T17:09:43.595804Z,01KKYC3RHJ6VKCX0XYY3QDQX2E,2026-03-17T17:04:50.738979Z,01KKYC6AHAV3BS2YZH8NPMNVS8,2026-03-17T17:06:14.706302Z,,,,,,,,,false,2026-03-17T17:04:50.684176Z,,,terminated,2026-03-17T17:09:43.595804Z,"{""playerCount"":3}",2026-03-17T17:04:50.684176Z,triple,2026-03-17T17:04:50.684176Z
01KKYC3RG20TJ3H9CE1JWMZ6TG,,,01KKYC3RESZK2X8CX0B1P9RNFG,2026-03-17T17:04:50.690848Z,,,false,2026-03-17T17:04:50.690848Z,batch ended,2026-03-17T17:09:43.595804Z,01KKYC3RJ458CEBA22B3FKCH9Q,2026-03-17T17:04:50.756558Z,,,,,,,,,,,false,2026-03-17T17:04:50.690848Z,,,terminated,2026-03-17T17:09:43.595804Z,"{""playerCount"":3}",2026-03-17T17:04:50.690848Z,triple,2026-03-17T17:04:50.690848Z
