id,batchID,batchIDLastChangedAt,gameID,gameIDLastChangedAt,playerID,playerIDLastChangedAt,roundID,roundIDLastChangedAt
01KKYCK3HSJT4W4NYC7P9PEMMS,01KKYCJ6S7RBKN554GX1A2GGDK,2026-03-17T17:13:13.529985Z,01KKYCJ6SWYA0147PF7D6CVQVA,2026-03-17T17:13:13.529985Z,01KKYBNKHTCN0GNQ0508DMQMAK,2026-03-17T17:13:13.529985Z,01KKYCK3GJKB3N73KC5YZGMZW0,2026-03-17T17:13:13.529985Z
01KKYE072Q3GQ739VAKWYS1ZVH,01KKYDZC7J19KBRFEVWVHTXMC5,2026-03-17T17:37:51.703062Z,01KKYDZC892WJ7M77BX48Y42EZ,2026-03-17T17:37:51.703062Z,01KKYBMEKEXZ4MBKXS0R13V3EB,2026-03-17T17:37:51.703062Z,01KKYE0718882YEBCWH5M8KDEM,2026-03-17T17:37:51.703062Z
01KKYFAZ279CJ5JSX21WS4ZB52,01KKYER6CB4640Z8X5TXVEJX6P,2026-03-17T18:01:12.519993Z,01KKYER6CRXX4KVR5JVSDKGX5E,2026-03-17T18:01:12.519993Z,01KKYBPASD704R56AKMGS82ZGV,2026-03-17T18:01:12.519993Z,01KKYERN11Y64GEH1VKEP1B2S2,2026-03-17T18:01:12.519993Z
01KKYE4MGPPT3SCBS1EV9X1QF2,01KKYE3YGJAE8ETR2FGGFGTDR8,2026-03-17T17:40:16.534721Z,01KKYE3YH22P58CF5XWY53PYS6,2026-03-17T17:40:16.534721Z,01KKYBMEKEXZ4MBKXS0R13V3EB,2026-03-17T17:40:16.534721Z,01KKYE4MFE903WNMM3VZJ3F785,2026-03-17T17:40:16.534721Z
01KKYE4MGPPT3SCBS1F7JJF17G,01KKYE3YGJAE8ETR2FGGFGTDR8,2026-03-17T17:40:16.534907Z,01KKYE3YH22P58CF5XWY53PYS6,2026-03-17T17:40:16.534907Z,01KKYBPASD704R56AKMGS82ZGV,2026-03-17T17:40:16.534907Z,01KKYE4MFE903WNMM3VZJ3F785,2026-03-17T17:40:16.534907Z
01KKYERN221969V7S021FYNYRR,01KKYER6CB4640Z8X5TXVEJX6P,2026-03-17T17:51:12.450982Z,01KKYER6CRXX4KVR5JVSDKGX5E,2026-03-17T17:51:12.450982Z,01KKYBNKHTCN0GNQ0508DMQMAK,2026-03-17T17:51:12.450982Z,01KKYERN10QC2XGH70F7A3PYH1,2026-03-17T17:51:12.450982Z
01KKYFAZ1SNQ1YR80PES7BKRV1,01KKYER6CB4640Z8X5TXVEJX6P,2026-03-17T18:01:12.506052Z,01KKYER6CRXX4KVR5JVSDKGX5E,2026-03-17T18:01:12.506052Z,01KKYBMEKEXZ4MBKXS0R13V3EB,2026-03-17T18:01:12.506052Z,01KKYERN11Y64GEH1VKEP1B2S2,2026-03-17T18:01:12.506052Z
01KKYDWQPWD3FJ6KZH3NDD72AQ,01KKYDVVWED34MFW7JWXQAX8WM,2026-03-17T17:35:57.66044Z,01KKYDVVXBQS7GTFV5F1GQ3QR3,2026-03-17T17:35:57.66044Z,01KKYBNKHTCN0GNQ0508DMQMAK,2026-03-17T17:35:57.66044Z,01KKYDWQN4BGGG9K54RNWP8YW8,2026-03-17T17:35:57.66044Z
01KKYE072PY2P69364HJJEQWN4,01KKYDZC7J19KBRFEVWVHTXMC5,2026-03-17T17:37:51.702911Z,01KKYDZC892WJ7M77BX48Y42EZ,2026-03-17T17:37:51.702911Z,01KKYBPASD704R56AKMGS82ZGV,2026-03-17T17:37:51.702911Z,01KKYE0718882YEBCWH5M8KDEM,2026-03-17T17:37:51.702911Z
01KKYDG4YVEWZ8MXYKJDKZP2KR,01KKYCWKTHD9JGPE5F478XGGX4,2026-03-17T17:29:05.243934Z,01KKYCWKV5C1SVGT78Q00E7CTB,2026-03-17T17:29:05.243934Z,01KKYBNKHTCN0GNQ0508DMQMAK,2026-03-17T17:29:05.243934Z,01KKYCXTXBWHQPMD60D7J8RQPV,2026-03-17T17:29:05.243934Z
01KKYERN221969V7S01T7GGBJ9,01KKYER6CB4640Z8X5TXVEJX6P,2026-03-17T17:51:12.450882Z,01KKYER6CRXX4KVR5JVSDKGX5E,2026-03-17T17:51:12.450882Z,01KKYBPASD704R56AKMGS82ZGV,2026-03-17T17:51:12.450882Z,01KKYERN10QC2XGH70F7A3PYH1,2026-03-17T17:51:12.450882Z
01KKYDQ7X5HW9KGRPGTBPGDQ36,01KKYDPJZ4TJPM3Y622PH5P145,2026-03-17T17:32:57.637457Z,01KKYDPJZPGMWCCSWYQ5GPZE02,2026-03-17T17:32:57.637457Z,01KKYBNKHTCN0GNQ0508DMQMAK,2026-03-17T17:32:57.637457Z,01KKYDQ7V8Z513WE5K1HKWYJ7V,2026-03-17T17:32:57.637457Z
01KKYDWQPWD3FJ6KZH38844GFQ,01KKYDVVWED34MFW7JWXQAX8WM,2026-03-17T17:35:57.660057Z,01KKYDVVXBQS7GTFV5F1GQ3QR3,2026-03-17T17:35:57.660057Z,01KKYBMEKEXZ4MBKXS0R13V3EB,2026-03-17T17:35:57.660057Z,01KKYDWQN4BGGG9K54RNWP8YW8,2026-03-17T17:35:57.660057Z
01KKYDWQPWD3FJ6KZH3YAANGXG,01KKYDVVWED34MFW7JWXQAX8WM,2026-03-17T17:35:57.66059Z,01KKYDVVXBQS7GTFV5F1GQ3QR3,2026-03-17T17:35:57.66059Z,01KKYBPASD704R56AKMGS82ZGV,2026-03-17T17:35:57.66059Z,01KKYDWQN4BGGG9K54RNWP8YW8,2026-03-17T17:35:57.66059Z
01KKYCXTYGN2Y9BAJ3WPW7Y7AX,01KKYCWKTHD9JGPE5F478XGGX4,2026-03-17T17:19:05.168895Z,01KKYCWKV5C1SVGT78Q00E7CTB,2026-03-17T17:19:05.168895Z,01KKYBMEKEXZ4MBKXS0R13V3EB,2026-03-17T17:19:05.168895Z,01KKYCXTX9YJQWPBNMA23WD2W6,2026-03-17T17:19:05.168895Z
01KKYCXTYHS6W4QT2KSK3NWQ7G,01KKYCWKTHD9JGPE5F478XGGX4,2026-03-17T17:19:05.169031Z,01KKYCWKV5C1SVGT78Q00E7CTB,2026-03-17T17:19:05.169031Z,01KKYBNKHTCN0GNQ0508DMQMAK,2026-03-17T17:19:05.169031Z,01KKYCXTX9YJQWPBNMA23WD2W6,2026-03-17T17:19:05.169031Z
01KKYDG4YW7J6DHPCEWGZ147X5,01KKYCWKTHD9JGPE5F478XGGX4,2026-03-17T17:29:05.244374Z,01KKYCWKV5C1SVGT78Q00E7CTB,2026-03-17T17:29:05.244374Z,01KKYBMEKEXZ4MBKXS0R13V3EB,2026-03-17T17:29:05.244374Z,01KKYCXTXBWHQPMD60D7J8RQPV,2026-03-17T17:29:05.244374Z
01KKYDQ7X5HW9KGRPGSGJE76M9,01KKYDPJZ4TJPM3Y622PH5P145,2026-03-17T17:32:57.63713Z,01KKYDPJZPGMWCCSWYQ5GPZE02,2026-03-17T17:32:57.63713Z,01KKYBMEKEXZ4MBKXS0R13V3EB,2026-03-17T17:32:57.63713Z,01KKYDQ7V8Z513WE5K1HKWYJ7V,2026-03-17T17:32:57.63713Z
01KKYDQ7X5HW9KGRPGSTVTT0P4,01KKYDPJZ4TJPM3Y622PH5P145,2026-03-17T17:32:57.63734Z,01KKYDPJZPGMWCCSWYQ5GPZE02,2026-03-17T17:32:57.63734Z,01KKYBPASD704R56AKMGS82ZGV,2026-03-17T17:32:57.63734Z,01KKYDQ7V8Z513WE5K1HKWYJ7V,2026-03-17T17:32:57.63734Z
01KKYERN221969V7S01DYKAPHD,01KKYER6CB4640Z8X5TXVEJX6P,2026-03-17T17:51:12.450716Z,01KKYER6CRXX4KVR5JVSDKGX5E,2026-03-17T17:51:12.450716Z,01KKYBMEKEXZ4MBKXS0R13V3EB,2026-03-17T17:51:12.450716Z,01KKYERN10QC2XGH70F7A3PYH1,2026-03-17T17:51:12.450716Z
01KKYFAZ1TVM5KHKGVMWDGYFJK,01KKYER6CB4640Z8X5TXVEJX6P,2026-03-17T18:01:12.506242Z,01KKYER6CRXX4KVR5JVSDKGX5E,2026-03-17T18:01:12.506242Z,01KKYBNKHTCN0GNQ0508DMQMAK,2026-03-17T18:01:12.506242Z,01KKYERN11Y64GEH1VKEP1B2S2,2026-03-17T18:01:12.506242Z
01KKYCXTYHS6W4QT2KSV8BT5JD,01KKYCWKTHD9JGPE5F478XGGX4,2026-03-17T17:19:05.169152Z,01KKYCWKV5C1SVGT78Q00E7CTB,2026-03-17T17:19:05.169152Z,01KKYBPASD704R56AKMGS82ZGV,2026-03-17T17:19:05.169152Z,01KKYCXTX9YJQWPBNMA23WD2W6,2026-03-17T17:19:05.169152Z
01KKYDG4YW7J6DHPCEWTW087DW,01KKYCWKTHD9JGPE5F478XGGX4,2026-03-17T17:29:05.244986Z,01KKYCWKV5C1SVGT78Q00E7CTB,2026-03-17T17:29:05.244986Z,01KKYBPASD704R56AKMGS82ZGV,2026-03-17T17:29:05.244986Z,01KKYCXTXBWHQPMD60D7J8RQPV,2026-03-17T17:29:05.244986Z
01KKYE072Q3GQ739VAMCK70JGS,01KKYDZC7J19KBRFEVWVHTXMC5,2026-03-17T17:37:51.703163Z,01KKYDZC892WJ7M77BX48Y42EZ,2026-03-17T17:37:51.703163Z,01KKYBNKHTCN0GNQ0508DMQMAK,2026-03-17T17:37:51.703163Z,01KKYE0718882YEBCWH5M8KDEM,2026-03-17T17:37:51.703163Z
01KKYE4MGQY33C7QJF9X3STR30,01KKYE3YGJAE8ETR2FGGFGTDR8,2026-03-17T17:40:16.535284Z,01KKYE3YH22P58CF5XWY53PYS6,2026-03-17T17:40:16.535284Z,01KKYBNKHTCN0GNQ0508DMQMAK,2026-03-17T17:40:16.535284Z,01KKYE4MFE903WNMM3VZJ3F785,2026-03-17T17:40:16.535284Z
01KKYCK3HSJT4W4NYC7FCRV4FC,01KKYCJ6S7RBKN554GX1A2GGDK,2026-03-17T17:13:13.52973Z,01KKYCJ6SWYA0147PF7D6CVQVA,2026-03-17T17:13:13.52973Z,01KKYBPASD704R56AKMGS82ZGV,2026-03-17T17:13:13.52973Z,01KKYCK3GJKB3N73KC5YZGMZW0,2026-03-17T17:13:13.52973Z
01KKYCK3HTRXHGW0P1QGTV9NT0,01KKYCJ6S7RBKN554GX1A2GGDK,2026-03-17T17:13:13.530326Z,01KKYCJ6SWYA0147PF7D6CVQVA,2026-03-17T17:13:13.530326Z,01KKYBMEKEXZ4MBKXS0R13V3EB,2026-03-17T17:13:13.530326Z,01KKYCK3GJKB3N73KC5YZGMZW0,2026-03-17T17:13:13.530326Z
