id,batchID,batchIDLastChangedAt,gameID,gameIDLastChangedAt,playerID,playerIDLastChangedAt,roundID,roundIDLastChangedAt,stageID,stageIDLastChangedAt
01KKYCK3J8EVENZ1D8TYVE5J7M,01KKYCJ6S7RBKN554GX1A2GGDK,2026-03-17T17:13:13.544215Z,01KKYCJ6SWYA0147PF7D6CVQVA,2026-03-17T17:13:13.544215Z,01KKYBMEKEXZ4MBKXS0R13V3EB,2026-03-17T17:13:13.544215Z,01KKYCK3GJKB3N73KC5YZGMZW0,2026-03-17T17:13:13.544215Z,01KKYCK3GRA12HM70QM4VDGD1Y,2026-03-17T17:13:13.544215Z
01KKYCK3J8EVENZ1D8VED5S6PC,01KKYCJ6S7RBKN554GX1A2GGDK,2026-03-17T17:13:13.544507Z,01KKYCJ6SWYA0147PF7D6CVQVA,2026-03-17T17:13:13.544507Z,01KKYBPASD704R56AKMGS82ZGV,2026-03-17T17:13:13.544507Z,01KKYCK3GJKB3N73KC5YZGMZW0,2026-03-17T17:13:13.544507Z,01KKYCK3GRA12HM70QM4VDGD1Y,2026-03-17T17:13:13.544507Z
01KKYDG4ZBXDVY9BWT61F8AMR1,01KKYCWKTHD9JGPE5F478XGGX4,2026-03-17T17:29:05.259353Z,01KKYCWKV5C1SVGT78Q00E7CTB,2026-03-17T17:29:05.259353Z,01KKYBPASD704R56AKMGS82ZGV,2026-03-17T17:29:05.259353Z,01KKYCXTXBWHQPMD60D7J8RQPV,2026-03-17T17:29:05.259353Z,01KKYCXTXMJ9B65BCET20B6CSK,2026-03-17T17:29:05.259353Z
01KKYDQ7Y71ENPD46MZ9K2YAYC,01KKYDPJZ4TJPM3Y622PH5P145,2026-03-17T17:32:57.67108Z,01KKYDPJZPGMWCCSWYQ5GPZE02,2026-03-17T17:32:57.67108Z,01KKYBNKHTCN0GNQ0508DMQMAK,2026-03-17T17:32:57.67108Z,01KKYDQ7V8Z513WE5K1HKWYJ7V,2026-03-17T17:32:57.67108Z,01KKYDQ7VFRMPC9YAF46PE8VSK,2026-03-17T17:32:57.67108Z
01KKYDWQQBKDYHNPZ7BNZG2X13,01KKYDVVWED34MFW7JWXQAX8WM,2026-03-17T17:35:57.675082Z,01KKYDVVXBQS7GTFV5F1GQ3QR3,2026-03-17T17:35:57.675082Z,01KKYBNKHTCN0GNQ0508DMQMAK,2026-03-17T17:35:57.675082Z,01KKYDWQN4BGGG9K54RNWP8YW8,2026-03-17T17:35:57.675082Z,01KKYDWQNBMEMVM6BVK6DEKD8K,2026-03-17T17:35:57.675082Z
01KKYERN2FT7YB08GPZD8J9Z2S,01KKYER6CB4640Z8X5TXVEJX6P,2026-03-17T17:51:12.463235Z,01KKYER6CRXX4KVR5JVSDKGX5E,2026-03-17T17:51:12.463235Z,01KKYBNKHTCN0GNQ0508DMQMAK,2026-03-17T17:51:12.463235Z,01KKYERN10QC2XGH70F7A3PYH1,2026-03-17T17:51:12.463235Z,01KKYERN16H1T5ZHSB8QDZKRDE,2026-03-17T17:51:12.463235Z
01KKYDWQQATCHHZQV0648PDSH2,01KKYDVVWED34MFW7JWXQAX8WM,2026-03-17T17:35:57.674473Z,01KKYDVVXBQS7GTFV5F1GQ3QR3,2026-03-17T17:35:57.674473Z,01KKYBMEKEXZ4MBKXS0R13V3EB,2026-03-17T17:35:57.674473Z,01KKYDWQN4BGGG9K54RNWP8YW8,2026-03-17T17:35:57.674473Z,01KKYDWQNBMEMVM6BVK6DEKD8K,2026-03-17T17:35:57.674473Z
01KKYE0732Q90R5AT5EE2XJB7D,01KKYDZC7J19KBRFEVWVHTXMC5,2026-03-17T17:37:51.714607Z,01KKYDZC892WJ7M77BX48Y42EZ,2026-03-17T17:37:51.714607Z,01KKYBNKHTCN0GNQ0508DMQMAK,2026-03-17T17:37:51.714607Z,01KKYE0718882YEBCWH5M8KDEM,2026-03-17T17:37:51.714607Z,01KKYE071ED2RSF955TC38MFFM,2026-03-17T17:37:51.714607Z
01KKYE4MH6BMX7B5WNVDCP80KG,01KKYE3YGJAE8ETR2FGGFGTDR8,2026-03-17T17:40:16.550757Z,01KKYE3YH22P58CF5XWY53PYS6,2026-03-17T17:40:16.550757Z,01KKYBPASD704R56AKMGS82ZGV,2026-03-17T17:40:16.550757Z,01KKYE4MFE903WNMM3VZJ3F785,2026-03-17T17:40:16.550757Z,01KKYE4MFQJSG6YW3CPC9HRZRA,2026-03-17T17:40:16.550757Z
01KKYFAZ2VNQSTSM9C8DMKH71A,01KKYER6CB4640Z8X5TXVEJX6P,2026-03-17T18:01:12.539303Z,01KKYER6CRXX4KVR5JVSDKGX5E,2026-03-17T18:01:12.539303Z,01KKYBMEKEXZ4MBKXS0R13V3EB,2026-03-17T18:01:12.539303Z,01KKYERN11Y64GEH1VKEP1B2S2,2026-03-17T18:01:12.539303Z,01KKYERN1A1G6MAH84K3CR668E,2026-03-17T18:01:12.539303Z
01KKYDG4ZBXDVY9BWT6DN7S1VP,01KKYCWKTHD9JGPE5F478XGGX4,2026-03-17T17:29:05.259707Z,01KKYCWKV5C1SVGT78Q00E7CTB,2026-03-17T17:29:05.259707Z,01KKYBNKHTCN0GNQ0508DMQMAK,2026-03-17T17:29:05.259707Z,01KKYCXTXBWHQPMD60D7J8RQPV,2026-03-17T17:29:05.259707Z,01KKYCXTXMJ9B65BCET20B6CSK,2026-03-17T17:29:05.259707Z
01KKYE0732Q90R5AT5EK8401RR,01KKYDZC7J19KBRFEVWVHTXMC5,2026-03-17T17:37:51.71494Z,01KKYDZC892WJ7M77BX48Y42EZ,2026-03-17T17:37:51.71494Z,01KKYBPASD704R56AKMGS82ZGV,2026-03-17T17:37:51.71494Z,01KKYE0718882YEBCWH5M8KDEM,2026-03-17T17:37:51.71494Z,01KKYE071ED2RSF955TC38MFFM,2026-03-17T17:37:51.71494Z
01KKYE4MH6BMX7B5WNVPGKGHND,01KKYE3YGJAE8ETR2FGGFGTDR8,2026-03-17T17:40:16.550914Z,01KKYE3YH22P58CF5XWY53PYS6,2026-03-17T17:40:16.550914Z,01KKYBNKHTCN0GNQ0508DMQMAK,2026-03-17T17:40:16.550914Z,01KKYE4MFE903WNMM3VZJ3F785,2026-03-17T17:40:16.550914Z,01KKYE4MFQJSG6YW3CPC9HRZRA,2026-03-17T17:40:16.550914Z
01KKYCK3J72HE545A2EWVCY9YJ,01KKYCJ6S7RBKN554GX1A2GGDK,2026-03-17T17:13:13.543869Z,01KKYCJ6SWYA0147PF7D6CVQVA,2026-03-17T17:13:13.543869Z,01KKYBNKHTCN0GNQ0508DMQMAK,2026-03-17T17:13:13.543869Z,01KKYCK3GJKB3N73KC5YZGMZW0,2026-03-17T17:13:13.543869Z,01KKYCK3GRA12HM70QM4VDGD1Y,2026-03-17T17:13:13.543869Z
01KKYCXTYW5CHFB0YE8S1KB202,01KKYCWKTHD9JGPE5F478XGGX4,2026-03-17T17:19:05.180118Z,01KKYCWKV5C1SVGT78Q00E7CTB,2026-03-17T17:19:05.180118Z,01KKYBPASD704R56AKMGS82ZGV,2026-03-17T17:19:05.180118Z,01KKYCXTX9YJQWPBNMA23WD2W6,2026-03-17T17:19:05.180118Z,01KKYCXTXGJ05EY1S7G9SFNN6Q,2026-03-17T17:19:05.180118Z
01KKYDG4ZADD0EPE87X9PJTG13,01KKYCWKTHD9JGPE5F478XGGX4,2026-03-17T17:29:05.258885Z,01KKYCWKV5C1SVGT78Q00E7CTB,2026-03-17T17:29:05.258885Z,01KKYBMEKEXZ4MBKXS0R13V3EB,2026-03-17T17:29:05.258885Z,01KKYCXTXBWHQPMD60D7J8RQPV,2026-03-17T17:29:05.258885Z,01KKYCXTXMJ9B65BCET20B6CSK,2026-03-17T17:29:05.258885Z
01KKYDQ7Y680X9424RZ8YNNGVA,01KKYDPJZ4TJPM3Y622PH5P145,2026-03-17T17:32:57.670854Z,01KKYDPJZPGMWCCSWYQ5GPZE02,2026-03-17T17:32:57.670854Z,01KKYBMEKEXZ4MBKXS0R13V3EB,2026-03-17T17:32:57.670854Z,01KKYDQ7V8Z513WE5K1HKWYJ7V,2026-03-17T17:32:57.670854Z,01KKYDQ7VFRMPC9YAF46PE8VSK,2026-03-17T17:32:57.670854Z
01KKYFAZ2W285S7J2X4NHZRJTK,01KKYER6CB4640Z8X5TXVEJX6P,2026-03-17T18:01:12.540873Z,01KKYER6CRXX4KVR5JVSDKGX5E,2026-03-17T18:01:12.540873Z,01KKYBNKHTCN0GNQ0508DMQMAK,2026-03-17T18:01:12.540873Z,01KKYERN11Y64GEH1VKEP1B2S2,2026-03-17T18:01:12.540873Z,01KKYERN1A1G6MAH84K3CR668E,2026-03-17T18:01:12.540873Z
01KKYDQ7Y4F1NTAXQ1G9APYJJH,01KKYDPJZ4TJPM3Y622PH5P145,2026-03-17T17:32:57.669867Z,01KKYDPJZPGMWCCSWYQ5GPZE02,2026-03-17T17:32:57.669867Z,01KKYBPASD704R56AKMGS82ZGV,2026-03-17T17:32:57.669867Z,01KKYDQ7V8Z513WE5K1HKWYJ7V,2026-03-17T17:32:57.669867Z,01KKYDQ7VFRMPC9YAF46PE8VSK,2026-03-17T17:32:57.669867Z
01KKYE0732Q90R5AT5E21A31KH,01KKYDZC7J19KBRFEVWVHTXMC5,2026-03-17T17:37:51.714159Z,01KKYDZC892WJ7M77BX48Y42EZ,2026-03-17T17:37:51.714159Z,01KKYBMEKEXZ4MBKXS0R13V3EB,2026-03-17T17:37:51.714159Z,01KKYE0718882YEBCWH5M8KDEM,2026-03-17T17:37:51.714159Z,01KKYE071ED2RSF955TC38MFFM,2026-03-17T17:37:51.714159Z
01KKYE4MH6BMX7B5WNV0WK2W9G,01KKYE3YGJAE8ETR2FGGFGTDR8,2026-03-17T17:40:16.550598Z,01KKYE3YH22P58CF5XWY53PYS6,2026-03-17T17:40:16.550598Z,01KKYBMEKEXZ4MBKXS0R13V3EB,2026-03-17T17:40:16.550598Z,01KKYE4MFE903WNMM3VZJ3F785,2026-03-17T17:40:16.550598Z,01KKYE4MFQJSG6YW3CPC9HRZRA,2026-03-17T17:40:16.550598Z
01KKYDWQQES4YK3P823GH3HY02,01KKYDVVWED34MFW7JWXQAX8WM,2026-03-17T17:35:57.678038Z,01KKYDVVXBQS7GTFV5F1GQ3QR3,2026-03-17T17:35:57.678038Z,01KKYBPASD704R56AKMGS82ZGV,2026-03-17T17:35:57.678038Z,01KKYDWQN4BGGG9K54RNWP8YW8,2026-03-17T17:35:57.678038Z,01KKYDWQNBMEMVM6BVK6DEKD8K,2026-03-17T17:35:57.678038Z
01KKYERN2EPAPPK4MHZDWFGT1Z,01KKYER6CB4640Z8X5TXVEJX6P,2026-03-17T17:51:12.462879Z,01KKYER6CRXX4KVR5JVSDKGX5E,2026-03-17T17:51:12.462879Z,01KKYBMEKEXZ4MBKXS0R13V3EB,2026-03-17T17:51:12.462879Z,01KKYERN10QC2XGH70F7A3PYH1,2026-03-17T17:51:12.462879Z,01KKYERN16H1T5ZHSB8QDZKRDE,2026-03-17T17:51:12.462879Z
01KKYFAZ2VNQSTSM9C8SFHN3X2,01KKYER6CB4640Z8X5TXVEJX6P,2026-03-17T18:01:12.540272Z,01KKYER6CRXX4KVR5JVSDKGX5E,2026-03-17T18:01:12.540272Z,01KKYBPASD704R56AKMGS82ZGV,2026-03-17T18:01:12.540272Z,01KKYERN11Y64GEH1VKEP1B2S2,2026-03-17T18:01:12.540272Z,01KKYERN1A1G6MAH84K3CR668E,2026-03-17T18:01:12.540272Z
01KKYCXTYV5TCBZP0HZ49FMMZ5,01KKYCWKTHD9JGPE5F478XGGX4,2026-03-17T17:19:05.179868Z,01KKYCWKV5C1SVGT78Q00E7CTB,2026-03-17T17:19:05.179868Z,01KKYBNKHTCN0GNQ0508DMQMAK,2026-03-17T17:19:05.179868Z,01KKYCXTX9YJQWPBNMA23WD2W6,2026-03-17T17:19:05.179868Z,01KKYCXTXGJ05EY1S7G9SFNN6Q,2026-03-17T17:19:05.179868Z
01KKYCXTYW5CHFB0YE8CWHT4Q1,01KKYCWKTHD9JGPE5F478XGGX4,2026-03-17T17:19:05.180014Z,01KKYCWKV5C1SVGT78Q00E7CTB,2026-03-17T17:19:05.180014Z,01KKYBMEKEXZ4MBKXS0R13V3EB,2026-03-17T17:19:05.180014Z,01KKYCXTX9YJQWPBNMA23WD2W6,2026-03-17T17:19:05.180014Z,01KKYCXTXGJ05EY1S7G9SFNN6Q,2026-03-17T17:19:05.180014Z
01KKYERN2FT7YB08GPZ41Y4FZ1,01KKYER6CB4640Z8X5TXVEJX6P,2026-03-17T17:51:12.463129Z,01KKYER6CRXX4KVR5JVSDKGX5E,2026-03-17T17:51:12.463129Z,01KKYBPASD704R56AKMGS82ZGV,2026-03-17T17:51:12.463129Z,01KKYERN10QC2XGH70F7A3PYH1,2026-03-17T17:51:12.463129Z,01KKYERN16H1T5ZHSB8QDZKRDE,2026-03-17T17:51:12.463129Z
