id,batchID,batchIDLastChangedAt,gameID,gameIDLastChangedAt,playerID,playerIDLastChangedAt
01KKYE4MF480SMQ48DPSN32NSN,01KKYE3YGJAE8ETR2FGGFGTDR8,2026-03-17T17:40:16.484541Z,01KKYE3YH22P58CF5XWY53PYS6,2026-03-17T17:40:16.484541Z,01KKYBMEKEXZ4MBKXS0R13V3EB,2026-03-17T17:40:16.484541Z
01KKYCK3GAKF083Z22A42AM6VA,01KKYCJ6S7RBKN554GX1A2GGDK,2026-03-17T17:13:13.482132Z,01KKYCJ6SWYA0147PF7D6CVQVA,2026-03-17T17:13:13.482132Z,01KKYBNKHTCN0GNQ0508DMQMAK,2026-03-17T17:13:13.482132Z
01KKYCK3GAKF083Z22AC4HTVQV,01KKYCJ6S7RBKN554GX1A2GGDK,2026-03-17T17:13:13.482316Z,01KKYCJ6SWYA0147PF7D6CVQVA,2026-03-17T17:13:13.482316Z,01KKYBPASD704R56AKMGS82ZGV,2026-03-17T17:13:13.482316Z
01KKYCXTWXSXTK12TYMFP1YRGG,01KKYCWKTHD9JGPE5F478XGGX4,2026-03-17T17:19:05.117782Z,01KKYCWKV5C1SVGT78Q00E7CTB,2026-03-17T17:19:05.117782Z,01KKYBMEKEXZ4MBKXS0R13V3EB,2026-03-17T17:19:05.117782Z
01KKYCXTWYP5RPARFT1S9JZGQ0,01KKYCWKTHD9JGPE5F478XGGX4,2026-03-17T17:19:05.118032Z,01KKYCWKV5C1SVGT78Q00E7CTB,2026-03-17T17:19:05.118032Z,01KKYBNKHTCN0GNQ0508DMQMAK,2026-03-17T17:19:05.118032Z
01KKYDQ7TXGW0D2GVF6DWG5Z0G,01KKYDPJZ4TJPM3Y622PH5P145,2026-03-17T17:32:57.565162Z,01KKYDPJZPGMWCCSWYQ5GPZE02,2026-03-17T17:32:57.565162Z,01KKYBPASD704R56AKMGS82ZGV,2026-03-17T17:32:57.565162Z
01KKYDWQMQ07HF6D7XYARCRJY0,01KKYDVVWED34MFW7JWXQAX8WM,2026-03-17T17:35:57.591831Z,01KKYDVVXBQS7GTFV5F1GQ3QR3,2026-03-17T17:35:57.591831Z,01KKYBNKHTCN0GNQ0508DMQMAK,2026-03-17T17:35:57.591831Z
01KKYDWQMQ07HF6D7XYJG7PVM4,01KKYDVVWED34MFW7JWXQAX8WM,2026-03-17T17:35:57.591954Z,01KKYDVVXBQS7GTFV5F1GQ3QR3,2026-03-17T17:35:57.591954Z,01KKYBPASD704R56AKMGS82ZGV,2026-03-17T17:35:57.591954Z
01KKYE4MF5KJ1TGR37K3F0F9B5,01KKYE3YGJAE8ETR2FGGFGTDR8,2026-03-17T17:40:16.485064Z,01KKYE3YH22P58CF5XWY53PYS6,2026-03-17T17:40:16.485064Z,01KKYBNKHTCN0GNQ0508DMQMAK,2026-03-17T17:40:16.485064Z
01KKYE4MF5KJ1TGR37KDRBJ4K9,01KKYE3YGJAE8ETR2FGGFGTDR8,2026-03-17T17:40:16.485204Z,01KKYE3YH22P58CF5XWY53PYS6,2026-03-17T17:40:16.485204Z,01KKYBPASD704R56AKMGS82ZGV,2026-03-17T17:40:16.485204Z
01KKYERN0QAA5WY71QNPFD7SE2,01KKYER6CB4640Z8X5TXVEJX6P,2026-03-17T17:51:12.407079Z,01KKYER6CRXX4KVR5JVSDKGX5E,2026-03-17T17:51:12.407079Z,01KKYBNKHTCN0GNQ0508DMQMAK,2026-03-17T17:51:12.407079Z
01KKYDQ7TXGW0D2GVF67A3PQ4P,01KKYDPJZ4TJPM3Y622PH5P145,2026-03-17T17:32:57.565038Z,01KKYDPJZPGMWCCSWYQ5GPZE02,2026-03-17T17:32:57.565038Z,01KKYBNKHTCN0GNQ0508DMQMAK,2026-03-17T17:32:57.565038Z
01KKYDWQMQ07HF6D7XY19QCTBZ,01KKYDVVWED34MFW7JWXQAX8WM,2026-03-17T17:35:57.591485Z,01KKYDVVXBQS7GTFV5F1GQ3QR3,2026-03-17T17:35:57.591485Z,01KKYBMEKEXZ4MBKXS0R13V3EB,2026-03-17T17:35:57.591485Z
01KKYE070WK4C86VMRWY3SVXX8,01KKYDZC7J19KBRFEVWVHTXMC5,2026-03-17T17:37:51.644655Z,01KKYDZC892WJ7M77BX48Y42EZ,2026-03-17T17:37:51.644655Z,01KKYBNKHTCN0GNQ0508DMQMAK,2026-03-17T17:37:51.644655Z
01KKYCK3G9QHXP9Q2RR2JHGV3X,01KKYCJ6S7RBKN554GX1A2GGDK,2026-03-17T17:13:13.481866Z,01KKYCJ6SWYA0147PF7D6CVQVA,2026-03-17T17:13:13.481866Z,01KKYBMEKEXZ4MBKXS0R13V3EB,2026-03-17T17:13:13.481866Z
01KKYCXTWYP5RPARFT1YTAS4KD,01KKYCWKTHD9JGPE5F478XGGX4,2026-03-17T17:19:05.118154Z,01KKYCWKV5C1SVGT78Q00E7CTB,2026-03-17T17:19:05.118154Z,01KKYBPASD704R56AKMGS82ZGV,2026-03-17T17:19:05.118154Z
01KKYE070WK4C86VMRX6HARBCN,01KKYDZC7J19KBRFEVWVHTXMC5,2026-03-17T17:37:51.644794Z,01KKYDZC892WJ7M77BX48Y42EZ,2026-03-17T17:37:51.644794Z,01KKYBPASD704R56AKMGS82ZGV,2026-03-17T17:37:51.644794Z
01KKYDQ7TWC8NW578P6BQXPQG6,01KKYDPJZ4TJPM3Y622PH5P145,2026-03-17T17:32:57.564828Z,01KKYDPJZPGMWCCSWYQ5GPZE02,2026-03-17T17:32:57.564828Z,01KKYBMEKEXZ4MBKXS0R13V3EB,2026-03-17T17:32:57.564828Z
01KKYE070WK4C86VMRWK1RW8CG,01KKYDZC7J19KBRFEVWVHTXMC5,2026-03-17T17:37:51.644389Z,01KKYDZC892WJ7M77BX48Y42EZ,2026-03-17T17:37:51.644389Z,01KKYBMEKEXZ4MBKXS0R13V3EB,2026-03-17T17:37:51.644389Z
01KKYERN0PS8EY9W7GTGEXPV2G,01KKYER6CB4640Z8X5TXVEJX6P,2026-03-17T17:51:12.406783Z,01KKYER6CRXX4KVR5JVSDKGX5E,2026-03-17T17:51:12.406783Z,01KKYBMEKEXZ4MBKXS0R13V3EB,2026-03-17T17:51:12.406783Z
01KKYERN0QAA5WY71QNW5Y9ZP6,01KKYER6CB4640Z8X5TXVEJX6P,2026-03-17T17:51:12.407208Z,01KKYER6CRXX4KVR5JVSDKGX5E,2026-03-17T17:51:12.407208Z,01KKYBPASD704R56AKMGS82ZGV,2026-03-17T17:51:12.407208Z
